,precision,recall,f1-score,support
False,0.8940602836879432,0.9796017484215639,0.9348783314020858,2059.0
True,0.772972972972973,0.3743455497382199,0.5044091710758377,382.0
accuracy,0.8848832445718967,0.8848832445718967,0.8848832445718967,0.8848832445718967
macro avg,0.833516628330458,0.6769736490798919,0.7196437512389617,2441.0
weighted avg,0.8751109380537283,0.8848832445718967,0.8675128175779864,2441.0
